<?xml version="1.0" encoding="UTF-8"?>
<DEFECTS>
  <DEFECT>
    <SFA>
      <FILEPATH>C:\Users\Magshimim\Documents\Magshimim\C2_2\Trivia\trivia_ron_and_alon\Trivia\</FILEPATH>
      <FILENAME>json.hpp</FILENAME>
      <LINE>16319</LINE>
      <COLUMN>35</COLUMN>
    </SFA>
    <DEFECTCODE>28020</DEFECTCODE>
    <DESCRIPTION>The expression '0&lt;=_Param_(1)&amp;&amp;_Param_(1)&lt;=400-1' is not true at this call.</DESCRIPTION>
    <FUNCTION>nlohmann::detail::serializer&lt;nlohmann::basic_json&lt;std::map,std::vector,std::basic_string&lt;char,std::char_traits&lt;char&gt;,std::allocator&lt;char&gt; &gt;,bool,__int64,unsigned __int64,double,std::allocator,nlohmann::adl_serializer,std::vector&lt;unsigned char,std::allocator&lt;unsigned char&gt; &gt; &gt; &gt;::decode</FUNCTION>
    <DECORATED>?decode@?$serializer@V?$basic_json@Vmap@std@@Vvector@2@V?$basic_string@DU?$char_traits@D@std@@V?$allocator@D@2@@2@_N_J_KNVallocator@2@Uadl_serializer@nlohmann@@V?$vector@EV?$allocator@E@std@@@2@@nlohmann@@@detail@nlohmann@@CAEAEAEAEAIE@Z</DECORATED>
    <FUNCLINE>16297</FUNCLINE>
    <PATH>
      <SFA>
        <FILEPATH>c:\users\magshimim\documents\magshimim\c2_2\trivia\trivia_ron_and_alon\trivia\</FILEPATH>
        <FILENAME>json.hpp</FILENAME>
        <LINE>16299</LINE>
        <COLUMN>59</COLUMN>
      </SFA>
      <SFA>
        <FILEPATH>c:\users\magshimim\documents\magshimim\c2_2\trivia\trivia_ron_and_alon\trivia\</FILEPATH>
        <FILENAME>json.hpp</FILENAME>
        <LINE>16319</LINE>
        <COLUMN>35</COLUMN>
      </SFA>
    </PATH>
  </DEFECT>
  <DEFECT>
    <SFA>
      <FILEPATH>C:\Users\Magshimim\Documents\Magshimim\C2_2\Trivia\trivia_ron_and_alon\Trivia\</FILEPATH>
      <FILENAME>json.hpp</FILENAME>
      <LINE>18508</LINE>
      <COLUMN>12</COLUMN>
    </SFA>
    <DEFECTCODE>26495</DEFECTCODE>
    <DESCRIPTION>Variable 'nlohmann::basic_json&lt;std::map,std::vector,std::basic_string&lt;char,std::char_traits&lt;char&gt;,std::allocator&lt;char&gt; &gt;,bool,__int64,unsigned __int64,double,std::allocator,nlohmann::adl_serializer,std::vector&lt;unsigned char,std::allocator&lt;unsigned char&gt; &gt; &gt;::m_value' is uninitialized. Always initialize a member variable (type.6).</DESCRIPTION>
    <FUNCTION>nlohmann::basic_json&lt;std::map,std::vector,std::basic_string&lt;char,std::char_traits&lt;char&gt;,std::allocator&lt;char&gt; &gt;,bool,__int64,unsigned __int64,double,std::allocator,nlohmann::adl_serializer,std::vector&lt;unsigned char,std::allocator&lt;unsigned char&gt; &gt; &gt;::{ctor}</FUNCTION>
    <DECORATED>??$?0V?$json_ref@V?$basic_json@Vmap@std@@Vvector@2@V?$basic_string@DU?$char_traits@D@std@@V?$allocator@D@2@@2@_N_J_KNVallocator@2@Uadl_serializer@nlohmann@@V?$vector@EV?$allocator@E@std@@@2@@nlohmann@@@detail@nlohmann@@$0A@@?$basic_json@Vmap@std@@Vvector@2@V?$basic_string@DU?$char_traits@D@std@@V?$allocator@D@2@@2@_N_J_KNVallocator@2@Uadl_serializer@nlohmann@@V?$vector@EV?$allocator@E@std@@@2@@nlohmann@@QEAA@AEBV?$json_ref@V?$basic_json@Vmap@std@@Vvector@2@V?$basic_string@DU?$char_traits@D@std@@V?$allocator@D@2@@2@_N_J_KNVallocator@2@Uadl_serializer@nlohmann@@V?$vector@EV?$allocator@E@std@@@2@@nlohmann@@@detail@1@@Z</DECORATED>
    <FUNCLINE>18508</FUNCLINE>
    <ADDITIONALINFO>
      <targetSymbol>nlohmann::basic_json&lt;std::map,std::vector,std::basic_string&lt;char,std::char_traits&lt;char&gt;,std::allocator&lt;char&gt; &gt;,bool,__int64,unsigned __int64,double,std::allocator,nlohmann::adl_serializer,std::vector&lt;unsigned char,std::allocator&lt;unsigned char&gt; &gt; &gt;::m_value</targetSymbol>
    </ADDITIONALINFO>
    <PATH></PATH>
  </DEFECT>
  <DEFECT>
    <SFA>
      <FILEPATH>C:\Users\Magshimim\Documents\Magshimim\C2_2\Trivia\trivia_ron_and_alon\Trivia\</FILEPATH>
      <FILENAME>json.hpp</FILENAME>
      <LINE>18508</LINE>
      <COLUMN>12</COLUMN>
    </SFA>
    <DEFECTCODE>26495</DEFECTCODE>
    <DESCRIPTION>Variable 'nlohmann::basic_json&lt;std::map,std::vector,std::basic_string&lt;char,std::char_traits&lt;char&gt;,std::allocator&lt;char&gt; &gt;,bool,__int64,unsigned __int64,double,std::allocator,nlohmann::adl_serializer,std::vector&lt;unsigned char,std::allocator&lt;unsigned char&gt; &gt; &gt;::m_type' is uninitialized. Always initialize a member variable (type.6).</DESCRIPTION>
    <FUNCTION>nlohmann::basic_json&lt;std::map,std::vector,std::basic_string&lt;char,std::char_traits&lt;char&gt;,std::allocator&lt;char&gt; &gt;,bool,__int64,unsigned __int64,double,std::allocator,nlohmann::adl_serializer,std::vector&lt;unsigned char,std::allocator&lt;unsigned char&gt; &gt; &gt;::{ctor}</FUNCTION>
    <DECORATED>??$?0V?$json_ref@V?$basic_json@Vmap@std@@Vvector@2@V?$basic_string@DU?$char_traits@D@std@@V?$allocator@D@2@@2@_N_J_KNVallocator@2@Uadl_serializer@nlohmann@@V?$vector@EV?$allocator@E@std@@@2@@nlohmann@@@detail@nlohmann@@$0A@@?$basic_json@Vmap@std@@Vvector@2@V?$basic_string@DU?$char_traits@D@std@@V?$allocator@D@2@@2@_N_J_KNVallocator@2@Uadl_serializer@nlohmann@@V?$vector@EV?$allocator@E@std@@@2@@nlohmann@@QEAA@AEBV?$json_ref@V?$basic_json@Vmap@std@@Vvector@2@V?$basic_string@DU?$char_traits@D@std@@V?$allocator@D@2@@2@_N_J_KNVallocator@2@Uadl_serializer@nlohmann@@V?$vector@EV?$allocator@E@std@@@2@@nlohmann@@@detail@1@@Z</DECORATED>
    <FUNCLINE>18508</FUNCLINE>
    <ADDITIONALINFO>
      <targetSymbol>nlohmann::basic_json&lt;std::map,std::vector,std::basic_string&lt;char,std::char_traits&lt;char&gt;,std::allocator&lt;char&gt; &gt;,bool,__int64,unsigned __int64,double,std::allocator,nlohmann::adl_serializer,std::vector&lt;unsigned char,std::allocator&lt;unsigned char&gt; &gt; &gt;::m_type</targetSymbol>
    </ADDITIONALINFO>
    <PATH></PATH>
  </DEFECT>
</DEFECTS>