<?xml version="1.0" encoding="UTF-8"?>
<DEFECTS>
  <DEFECT>
    <SFA>
      <FILEPATH>C:\Users\Magshimim\Documents\Magshimim\C2_2\Trivia\trivia_ron_and_alon\Trivia\</FILEPATH>
      <FILENAME>Room.h</FILENAME>
      <LINE>14</LINE>
      <COLUMN>0</COLUMN>
    </SFA>
    <DEFECTCODE>26495</DEFECTCODE>
    <DESCRIPTION>Variable 'RoomData::_RoomId' is uninitialized. Always initialize a member variable (type.6).</DESCRIPTION>
    <FUNCTION>RoomData::{ctor}</FUNCTION>
    <DECORATED>??0RoomData@@QEAA@XZ</DECORATED>
    <FUNCLINE>14</FUNCLINE>
    <ADDITIONALINFO>
      <targetSymbol>RoomData::_RoomId</targetSymbol>
    </ADDITIONALINFO>
    <PATH></PATH>
  </DEFECT>
  <DEFECT>
    <SFA>
      <FILEPATH>C:\Users\Magshimim\Documents\Magshimim\C2_2\Trivia\trivia_ron_and_alon\Trivia\</FILEPATH>
      <FILENAME>Room.h</FILENAME>
      <LINE>14</LINE>
      <COLUMN>0</COLUMN>
    </SFA>
    <DEFECTCODE>26495</DEFECTCODE>
    <DESCRIPTION>Variable 'RoomData::_maxPlayers' is uninitialized. Always initialize a member variable (type.6).</DESCRIPTION>
    <FUNCTION>RoomData::{ctor}</FUNCTION>
    <DECORATED>??0RoomData@@QEAA@XZ</DECORATED>
    <FUNCLINE>14</FUNCLINE>
    <ADDITIONALINFO>
      <targetSymbol>RoomData::_maxPlayers</targetSymbol>
    </ADDITIONALINFO>
    <PATH></PATH>
  </DEFECT>
  <DEFECT>
    <SFA>
      <FILEPATH>C:\Users\Magshimim\Documents\Magshimim\C2_2\Trivia\trivia_ron_and_alon\Trivia\</FILEPATH>
      <FILENAME>Room.h</FILENAME>
      <LINE>14</LINE>
      <COLUMN>0</COLUMN>
    </SFA>
    <DEFECTCODE>26495</DEFECTCODE>
    <DESCRIPTION>Variable 'RoomData::_numOfQuestionsInGame' is uninitialized. Always initialize a member variable (type.6).</DESCRIPTION>
    <FUNCTION>RoomData::{ctor}</FUNCTION>
    <DECORATED>??0RoomData@@QEAA@XZ</DECORATED>
    <FUNCLINE>14</FUNCLINE>
    <ADDITIONALINFO>
      <targetSymbol>RoomData::_numOfQuestionsInGame</targetSymbol>
    </ADDITIONALINFO>
    <PATH></PATH>
  </DEFECT>
  <DEFECT>
    <SFA>
      <FILEPATH>C:\Users\Magshimim\Documents\Magshimim\C2_2\Trivia\trivia_ron_and_alon\Trivia\</FILEPATH>
      <FILENAME>Room.h</FILENAME>
      <LINE>14</LINE>
      <COLUMN>0</COLUMN>
    </SFA>
    <DEFECTCODE>26495</DEFECTCODE>
    <DESCRIPTION>Variable 'RoomData::_TimePerQuestion' is uninitialized. Always initialize a member variable (type.6).</DESCRIPTION>
    <FUNCTION>RoomData::{ctor}</FUNCTION>
    <DECORATED>??0RoomData@@QEAA@XZ</DECORATED>
    <FUNCLINE>14</FUNCLINE>
    <ADDITIONALINFO>
      <targetSymbol>RoomData::_TimePerQuestion</targetSymbol>
    </ADDITIONALINFO>
    <PATH></PATH>
  </DEFECT>
  <DEFECT>
    <SFA>
      <FILEPATH>C:\Users\Magshimim\Documents\Magshimim\C2_2\Trivia\trivia_ron_and_alon\Trivia\</FILEPATH>
      <FILENAME>Room.h</FILENAME>
      <LINE>14</LINE>
      <COLUMN>0</COLUMN>
    </SFA>
    <DEFECTCODE>26495</DEFECTCODE>
    <DESCRIPTION>Variable 'RoomData::_isActive' is uninitialized. Always initialize a member variable (type.6).</DESCRIPTION>
    <FUNCTION>RoomData::{ctor}</FUNCTION>
    <DECORATED>??0RoomData@@QEAA@XZ</DECORATED>
    <FUNCLINE>14</FUNCLINE>
    <ADDITIONALINFO>
      <targetSymbol>RoomData::_isActive</targetSymbol>
    </ADDITIONALINFO>
    <PATH></PATH>
  </DEFECT>
</DEFECTS>